id	e	k	m	t
0	0	6	2816	72.0
1	0	6	2955	5.0
2	0	6	2781	3.0
3	0	6	3088	4.0
4	0	6	2937	1.0
5	0	6	1949	1.0
6	0	6	2971	1.0
7	0	6	2615	1.0
8	0	6	2981	1.0
9	0	6	2242	1.0
10	0	6	3321	1.0
11	0	6	3185	1.0
12	0	6	1700	1.0
13	0	6	2748	1.0
14	0	6	3105	1.0
15	0	6	3025	1.0
16	0	6	3138	1.0
17	0	6	3030	1.0
18	0	6	2768	1.0
19	0	6	3668	2.0
20	0	6	545	0.0
21	0	6	707	1.0
22	0	6	2400	1.0
23	0	6	2721	1.0
24	0	6	3008	1.0
25	0	6	3014	1.0
26	0	6	2047	1.0
27	0	6	671	1.0
28	0	6	2906	1.0
29	0	6	2526	1.0
30	0	6	2812	1.0
31	0	6	2104	1.0
32	0	6	2943	1.0
33	0	6	2290	1.0
34	0	6	3047	1.0
35	0	6	2594	1.0
36	0	6	3030	1.0
37	0	6	2638	1.0
38	0	6	3371	1.0
39	0	6	2702	1.0
40	0	6	2951	1.0
41	0	6	3060	1.0
42	0	6	3150	1.0
43	0	6	3245	1.0
44	0	6	2818	1.0
45	0	6	3295	1.0
46	0	6	2739	1.0
47	0	6	2964	1.0
48	0	6	1820	1.0
49	0	6	834	1.0
50	0	6	3251	1.0
51	0	6	1827	1.0
52	0	6	2766	1.0
53	0	6	2553	1.0
54	0	6	2627	1.0
55	0	6	3786	1.0
56	0	6	2782	1.0
57	0	6	2811	1.0
58	0	6	2458	1.0
59	0	6	2772	1.0
60	0	6	2591	1.0
61	0	6	3235	1.0
62	0	6	2818	1.0
63	0	6	2943	1.0
64	0	6	3422	1.0
65	0	6	3031	1.0
66	0	6	2665	1.0
67	0	6	2928	1.0
68	0	6	2962	1.0
69	0	6	3331	1.0
70	0	6	2878	1.0
71	0	6	2672	1.0
72	0	6	2892	1.0
73	0	6	2895	1.0
74	0	6	2466	1.0
75	0	6	1357	1.0
76	0	6	3158	1.0
77	0	6	2480	1.0
78	0	6	2732	1.0
79	0	6	3025	1.0
80	0	6	3179	1.0
81	0	6	3333	1.0
82	0	6	3306	1.0
83	0	6	2699	1.0
84	0	6	1217	0.0
85	0	6	2978	1.0
86	0	6	2705	1.0
87	0	6	3030	1.0
88	0	6	3047	1.0
89	0	6	3683	1.0
90	0	6	2864	1.0
91	0	6	2666	1.0
92	0	6	2853	1.0
93	0	6	2393	1.0
94	0	6	2941	1.0
95	0	6	1577	1.0
96	0	6	2956	1.0
97	0	6	2687	1.0
98	0	6	3043	1.0
99	0	6	3254	1.0
0	1	6	43228	10.0
1	1	6	44181	9.0
2	1	6	43007	8.0
3	1	6	44584	9.0
4	1	6	43403	12.0
5	1	6	36635	9.0
6	1	6	43915	9.0
7	1	6	41609	9.0
8	1	6	44113	9.0
9	1	6	39354	9.0
10	1	6	45345	8.0
11	1	6	44319	8.0
12	1	6	34384	13.0
13	1	6	43038	10.0
14	1	6	44393	8.0
15	1	6	44097	8.0
16	1	6	44596	8.0
17	1	6	43890	9.0
18	1	6	42752	9.0
19	1	6	46374	9.0
20	1	6	14745	7.0
21	1	6	17991	6.0
22	1	6	39762	8.0
23	1	6	42045	9.0
24	1	6	44098	9.0
25	1	6	44234	9.0
26	1	6	37343	9.0
27	1	6	18021	7.0
28	1	6	43784	8.0
29	1	6	40940	8.0
30	1	6	42770	8.0
31	1	6	37820	10.0
32	1	6	43809	8.0
33	1	6	39282	9.0
34	1	6	44299	8.0
35	1	6	41840	8.0
36	1	6	44212	9.0
37	1	6	41902	9.0
38	1	6	45367	9.0
39	1	6	42120	8.0
40	1	6	43805	8.0
41	1	6	44588	8.0
42	1	6	44000	8.0
43	1	6	45067	9.0
44	1	6	42978	8.0
45	1	6	45109	8.0
46	1	6	41101	8.0
47	1	6	43574	9.0
48	1	6	34112	8.0
49	1	6	19762	7.0
50	1	6	44975	8.0
51	1	6	35395	8.0
52	1	6	40934	8.0
53	1	6	41791	9.0
54	1	6	42195	9.0
55	1	6	46586	12.0
56	1	6	42680	8.0
57	1	6	42597	8.0
58	1	6	38986	8.0
59	1	6	42152	16.0
60	1	6	41877	8.0
61	1	6	45081	9.0
62	1	6	43030	9.0
63	1	6	43925	8.0
64	1	6	45580	8.0
65	1	6	44027	8.0
66	1	6	41939	9.0
67	1	6	43620	8.0
68	1	6	43036	8.0
69	1	6	45349	9.0
70	1	6	42884	8.0
71	1	6	41902	9.0
72	1	6	43672	9.0
73	1	6	43537	8.0
74	1	6	40884	8.0
75	1	6	30485	10.0
76	1	6	44886	9.0
77	1	6	41142	13.0
78	1	6	42424	9.0
79	1	6	44371	8.0
80	1	6	44735	15.0
81	1	6	45289	8.0
82	1	6	45382	13.0
83	1	6	42395	8.0
84	1	6	27123	8.0
85	1	6	43828	8.0
86	1	6	42725	9.0
87	1	6	44302	13.0
88	1	6	44239	9.0
89	1	6	46387	8.0
90	1	6	43192	8.0
91	1	6	41532	16.0
92	1	6	43343	9.0
93	1	6	39405	8.0
94	1	6	43607	10.0
95	1	6	32683	9.0
96	1	6	43912	9.0
97	1	6	42519	13.0
98	1	6	44433	13.0
99	1	6	45050	9.0
0	2	6	230897	57.0
1	2	6	232181	57.0
2	2	6	230675	59.0
3	2	6	232546	56.0
4	2	6	230899	62.0
5	2	6	219664	66.0
6	2	6	231819	56.0
7	2	6	228332	57.0
8	2	6	232007	56.0
9	2	6	224980	57.0
10	2	6	233424	58.0
11	2	6	232002	56.0
12	2	6	215004	58.0
13	2	6	230653	58.0
14	2	6	232258	56.0
15	2	6	231939	56.0
16	2	6	232575	57.0
17	2	6	231563	56.0
18	2	6	230215	57.0
19	2	6	234530	56.0
20	2	6	134355	52.0
21	2	6	151506	55.0
22	2	6	224661	57.0
23	2	6	228841	58.0
24	2	6	231997	57.0
25	2	6	232132	68.0
26	2	6	220999	58.0
27	2	6	153210	58.0
28	2	6	231647	69.0
29	2	6	227346	57.0
30	2	6	230082	57.0
31	2	6	221919	71.0
32	2	6	231617	57.0
33	2	6	224412	58.0
34	2	6	232242	70.0
35	2	6	228931	57.0
36	2	6	232130	56.0
37	2	6	228916	59.0
38	2	6	233408	55.0
39	2	6	229241	57.0
40	2	6	231592	57.0
41	2	6	232641	56.0
42	2	6	231383	56.0
43	2	6	233091	61.0
44	2	6	230324	56.0
45	2	6	233108	58.0
46	2	6	226139	64.0
47	2	6	231245	57.0
48	2	6	211346	59.0
49	2	6	152628	67.0
50	2	6	232993	64.0
51	2	6	217170	58.0
52	2	6	225532	70.0
53	2	6	229015	57.0
54	2	6	229639	57.0
55	2	6	234737	56.0
56	2	6	230094	56.0
57	2	6	229717	56.0
58	2	6	221054	69.0
59	2	6	228767	57.0
60	2	6	229145	57.0
61	2	6	233121	69.0
62	2	6	230647	56.0
63	2	6	231847	56.0
64	2	6	233640	61.0
65	2	6	231874	56.0
66	2	6	228938	57.0
67	2	6	231369	62.0
68	2	6	229940	56.0
69	2	6	233425	56.0
70	2	6	229946	62.0
71	2	6	228793	57.0
72	2	6	231422	56.0
73	2	6	231268	58.0
74	2	6	227451	57.0
75	2	6	204306	58.0
76	2	6	232919	69.0
77	2	6	228075	57.0
78	2	6	229695	57.0
79	2	6	232357	69.0
80	2	6	232688	56.0
81	2	6	233311	62.0
82	2	6	233464	56.0
83	2	6	229826	57.0
84	2	6	188414	58.0
85	2	6	231600	57.0
86	2	6	230376	57.0
87	2	6	232270	56.0
88	2	6	232148	59.0
89	2	6	234540	56.0
90	2	6	230822	57.0
91	2	6	227749	57.0
92	2	6	231032	56.0
93	2	6	223787	57.0
94	2	6	231294	61.0
95	2	6	209595	58.0
96	2	6	231795	56.0
97	2	6	230009	58.0
98	2	6	232430	61.0
99	2	6	233082	56.0
0	0	7	5504	3.0
1	0	7	5829	3.0
2	0	7	5531	3.0
3	0	7	6114	3.0
4	0	7	6113	3.0
5	0	7	3517	2.0
6	0	7	6221	3.0
7	0	7	5057	2.0
8	0	7	5985	3.0
9	0	7	3890	2.0
10	0	7	7485	3.0
11	0	7	7215	3.0
12	0	7	2884	2.0
13	0	7	5198	3.0
14	0	7	6689	3.0
15	0	7	6483	3.0
16	0	7	7018	3.0
17	0	7	6694	3.0
18	0	7	6014	3.0
19	0	7	9120	4.0
20	0	7	913	0.0
21	0	7	1215	1.0
22	0	7	4522	2.0
23	0	7	5615	3.0
24	0	7	6130	3.0
25	0	7	6180	3.0
26	0	7	3835	2.0
27	0	7	1079	1.0
28	0	7	6078	4.0
29	0	7	4950	4.0
30	0	7	5948	3.0
31	0	7	3988	2.0
32	0	7	5803	3.0
33	0	7	4304	2.0
34	0	7	6143	4.0
35	0	7	4808	3.0
36	0	7	6308	3.0
37	0	7	5288	3.0
38	0	7	7929	3.0
39	0	7	5608	3.0
40	0	7	5783	3.0
41	0	7	6174	3.0
42	0	7	7552	3.0
43	0	7	6999	3.0
44	0	7	5612	3.0
45	0	7	7187	3.0
46	0	7	5951	3.0
47	0	7	6444	2.0
48	0	7	3140	2.0
49	0	7	1458	1.0
50	0	7	7471	3.0
51	0	7	3209	2.0
52	0	7	6588	3.0
53	0	7	4617	3.0
54	0	7	5005	3.0
55	0	7	10248	4.0
56	0	7	5696	3.0
57	0	7	5909	3.0
58	0	7	5026	2.0
59	0	7	5622	4.0
60	0	7	5201	3.0
61	0	7	6675	3.0
62	0	7	5814	3.0
63	0	7	6137	3.0
64	0	7	7984	3.0
65	0	7	6875	5.0
66	0	7	5499	4.0
67	0	7	6170	3.0
68	0	7	6840	2.0
69	0	7	7401	3.0
70	0	7	6076	3.0
71	0	7	5314	4.0
72	0	7	5740	3.0
73	0	7	6111	3.0
74	0	7	4846	2.0
75	0	7	2175	1.0
76	0	7	6440	3.0
77	0	7	4578	2.0
78	0	7	5412	3.0
79	0	7	5941	4.0
80	0	7	6905	4.0
81	0	7	7631	3.0
82	0	7	7274	3.0
83	0	7	5473	3.0
84	0	7	2069	2.0
85	0	7	5952	3.0
86	0	7	5323	3.0
87	0	7	6190	2.0
88	0	7	6181	3.0
89	0	7	9549	4.0
90	0	7	5898	3.0
91	0	7	5208	3.0
92	0	7	5925	3.0
93	0	7	4773	2.0
94	0	7	6021	3.0
95	0	7	2681	2.0
96	0	7	5960	3.0
97	0	7	5491	4.0
98	0	7	6207	4.0
99	0	7	7224	3.0
0	1	7	131782	38.0
1	1	7	137933	43.0
2	1	7	132081	38.0
3	1	7	144430	41.0
4	1	7	140513	40.0
5	1	7	91800	31.0
6	1	7	142462	40.0
7	1	7	122689	36.0
8	1	7	139968	41.0
9	1	7	101491	35.0
10	1	7	161780	42.0
11	1	7	157095	42.0
12	1	7	80263	31.0
13	1	7	127129	38.0
14	1	7	151386	40.0
15	1	7	145677	41.0
16	1	7	155366	42.0
17	1	7	147668	40.0
18	1	7	137113	41.0
19	1	7	187111	44.0
20	1	7	28428	13.0
21	1	7	36366	16.0
22	1	7	112095	35.0
23	1	7	131369	38.0
24	1	7	141517	41.0
25	1	7	143428	40.0
26	1	7	98328	32.0
27	1	7	34551	23.0
28	1	7	140791	39.0
29	1	7	119542	37.0
30	1	7	136625	43.0
31	1	7	100853	33.0
32	1	7	136153	39.0
33	1	7	107379	35.0
34	1	7	142808	42.0
35	1	7	120036	37.0
36	1	7	144831	40.0
37	1	7	125344	37.0
38	1	7	168659	42.0
39	1	7	131317	40.0
40	1	7	137304	39.0
41	1	7	143529	42.0
42	1	7	158436	42.0
43	1	7	157073	45.0
44	1	7	133925	42.0
45	1	7	159925	43.0
46	1	7	134782	37.0
47	1	7	143843	42.0
48	1	7	83229	29.0
49	1	7	42232	18.0
50	1	7	159588	40.0
51	1	7	86338	31.0
52	1	7	143244	38.0
53	1	7	116462	38.0
54	1	7	122343	37.0
55	1	7	198757	54.0
56	1	7	133048	38.0
57	1	7	135123	39.0
58	1	7	117784	35.0
59	1	7	132163	41.0
60	1	7	124109	42.0
61	1	7	151869	41.0
62	1	7	134217	43.0
63	1	7	141737	39.0
64	1	7	171333	43.0
65	1	7	150155	43.0
66	1	7	128828	37.0
67	1	7	141105	39.0
68	1	7	147921	40.0
69	1	7	161423	41.0
70	1	7	139051	38.0
71	1	7	127829	39.0
72	1	7	135887	39.0
73	1	7	139735	39.0
74	1	7	118483	36.0
75	1	7	65509	29.0
76	1	7	148896	41.0
77	1	7	114741	36.0
78	1	7	128418	38.0
79	1	7	141462	40.0
80	1	7	154174	42.0
81	1	7	166470	42.0
82	1	7	159282	43.0
83	1	7	128915	37.0
84	1	7	59379	25.0
85	1	7	138892	39.0
86	1	7	128421	40.0
87	1	7	142620	40.0
88	1	7	143085	39.0
89	1	7	191495	57.0
90	1	7	136312	38.0
91	1	7	125346	37.0
92	1	7	136851	39.0
93	1	7	113294	36.0
94	1	7	138600	43.0
95	1	7	76065	28.0
96	1	7	139968	39.0
97	1	7	130630	44.0
98	1	7	144911	44.0
99	1	7	159225	47.0
0	2	7	1124267	350.0
1	2	7	1160879	355.0
2	2	7	1124665	350.0
3	2	7	1194446	354.0
4	2	7	1157603	349.0
5	2	7	872037	315.0
6	2	7	1173958	350.0
7	2	7	1067336	334.0
8	2	7	1165702	346.0
9	2	7	949667	324.0
10	2	7	1256105	350.0
11	2	7	1226524	347.0
12	2	7	800499	296.0
13	2	7	1105492	341.0
14	2	7	1211743	350.0
15	2	7	1183993	343.0
16	2	7	1226649	346.0
17	2	7	1183629	349.0
18	2	7	1132508	342.0
19	2	7	1351473	362.0
20	2	7	339004	151.0
21	2	7	414543	180.0
22	2	7	998834	322.0
23	2	7	1103575	347.0
24	2	7	1172086	349.0
25	2	7	1182484	350.0
26	2	7	911090	309.0
27	2	7	408240	195.0
28	2	7	1163576	355.0
29	2	7	1041568	338.0
30	2	7	1132485	339.0
31	2	7	926772	313.0
32	2	7	1145373	347.0
33	2	7	965651	318.0
34	2	7	1179201	350.0
35	2	7	1063553	335.0
36	2	7	1185935	418.0
37	2	7	1077586	338.0
38	2	7	1278810	358.0
39	2	7	1104284	350.0
40	2	7	1158753	353.0
41	2	7	1188206	357.0
42	2	7	1213603	359.0
43	2	7	1241257	365.0
44	2	7	1130739	350.0
45	2	7	1250862	360.0
46	2	7	1100866	328.0
47	2	7	1168564	355.0
48	2	7	805093	297.0
49	2	7	458464	210.0
50	2	7	1238710	352.0
51	2	7	840463	309.0
52	2	7	1131688	335.0
53	2	7	1043572	333.0
54	2	7	1072591	334.0
55	2	7	1381796	359.0
56	2	7	1114868	347.0
57	2	7	1124467	336.0
58	2	7	1012028	313.0
59	2	7	1109658	338.0
60	2	7	1070553	333.0
61	2	7	1223859	362.0
62	2	7	1120724	343.0
63	2	7	1168863	350.0
64	2	7	1297075	363.0
65	2	7	1193564	360.0
66	2	7	1091291	331.0
67	2	7	1162796	341.0
68	2	7	1170405	336.0
69	2	7	1255555	358.0
70	2	7	1139973	349.0
71	2	7	1093434	349.0
72	2	7	1147043	342.0
73	2	7	1152306	351.0
74	2	7	1037696	329.0
75	2	7	693434	277.0
76	2	7	1211783	350.0
77	2	7	1029932	343.0
78	2	7	1097399	346.0
79	2	7	1180440	355.0
80	2	7	1225973	364.0
81	2	7	1274084	366.0
82	2	7	1251676	360.0
83	2	7	1097036	343.0
84	2	7	621652	271.0
85	2	7	1154756	354.0
86	2	7	1105584	346.0
87	2	7	1176088	359.0
88	2	7	1180666	358.0
89	2	7	1361966	360.0
90	2	7	1136240	350.0
91	2	7	1076415	331.0
92	2	7	1139248	346.0
93	2	7	994658	322.0
94	2	7	1150103	348.0
95	2	7	765275	287.0
96	2	7	1166731	341.0
97	2	7	1112768	340.0
98	2	7	1192504	345.0
99	2	7	1244671	348.0
0	0	8	6903	4.0
1	0	8	7321	5.0
2	0	8	6856	4.0
3	0	8	7479	5.0
4	0	8	7824	4.0
5	0	8	4413	3.0
6	0	8	7880	6.0
7	0	8	6353	4.0
8	0	8	7710	5.0
9	0	8	4625	3.0
10	0	8	9975	6.0
11	0	8	9587	4.0
12	0	8	3389	2.0
13	0	8	6341	4.0
14	0	8	8514	5.0
15	0	8	8800	5.0
16	0	8	9316	5.0
17	0	8	8947	5.0
18	0	8	8066	5.0
19	0	8	12443	5.0
20	0	8	1157	1.0
21	0	8	1525	1.0
22	0	8	5504	4.0
23	0	8	7143	5.0
24	0	8	7726	5.0
25	0	8	7664	5.0
26	0	8	4743	3.0
27	0	8	1283	1.0
28	0	8	7789	6.0
29	0	8	6186	4.0
30	0	8	7646	5.0
31	0	8	5062	3.0
32	0	8	7334	3.0
33	0	8	5328	3.0
34	0	8	7593	5.0
35	0	8	5795	4.0
36	0	8	8139	5.0
37	0	8	6853	4.0
38	0	8	10702	6.0
39	0	8	7153	4.0
40	0	8	7145	5.0
41	0	8	7829	5.0
42	0	8	10750	6.0
43	0	8	9092	5.0
44	0	8	7030	5.0
45	0	8	9015	6.0
46	0	8	7692	5.0
47	0	8	8667	5.0
48	0	8	3712	2.0
49	0	8	1907	1.0
50	0	8	10333	8.0
51	0	8	3934	3.0
52	0	8	9410	5.0
53	0	8	5561	4.0
54	0	8	6256	3.0
55	0	8	14799	8.0
56	0	8	7307	6.0
57	0	8	7688	6.0
58	0	8	6577	4.0
59	0	8	7089	4.0
60	0	8	6725	4.0
61	0	8	8345	5.0
62	0	8	7478	5.0
63	0	8	7997	5.0
64	0	8	10613	7.0
65	0	8	9554	5.0
66	0	8	7117	4.0
67	0	8	8100	5.0
68	0	8	9500	5.0
69	0	8	9887	6.0
70	0	8	7841	5.0
71	0	8	6600	4.0
72	0	8	7253	6.0
73	0	8	8179	5.0
74	0	8	6115	4.0
75	0	8	2492	2.0
76	0	8	7935	5.0
77	0	8	5657	4.0
78	0	8	6766	3.0
79	0	8	7304	5.0
80	0	8	8986	6.0
81	0	8	9884	7.0
82	0	8	9684	5.0
83	0	8	7048	4.0
84	0	8	2514	2.0
85	0	8	7386	5.0
86	0	8	6765	4.0
87	0	8	7809	5.0
88	0	8	7664	7.0
89	0	8	13254	6.0
90	0	8	7653	5.0
91	0	8	6425	4.0
92	0	8	7572	5.0
93	0	8	6361	4.0
94	0	8	7704	5.0
95	0	8	3206	2.0
96	0	8	7393	5.0
97	0	8	6977	4.0
98	0	8	7787	5.0
99	0	8	9294	6.0
0	1	8	203901	85.0
1	1	8	214271	94.0
2	1	8	202750	87.0
3	1	8	221995	98.0
4	1	8	227876	96.0
5	1	8	133730	59.0
6	1	8	227853	95.0
7	1	8	188023	83.0
8	1	8	223461	92.0
9	1	8	142246	68.0
10	1	8	279438	110.0
11	1	8	270941	112.0
12	1	8	109182	55.0
13	1	8	189690	84.0
14	1	8	246969	110.0
15	1	8	246328	98.0
16	1	8	265438	108.0
17	1	8	251251	102.0
18	1	8	228573	93.0
19	1	8	346404	132.0
20	1	8	38510	19.0
21	1	8	49580	25.0
22	1	8	165939	76.0
23	1	8	210939	90.0
24	1	8	224117	90.0
25	1	8	225082	101.0
26	1	8	145492	64.0
27	1	8	44521	25.0
28	1	8	225998	96.0
29	1	8	184314	79.0
30	1	8	221177	88.0
31	1	8	151697	66.0
32	1	8	214646	95.0
33	1	8	161303	72.0
34	1	8	223016	104.0
35	1	8	176315	79.0
36	1	8	234874	99.0
37	1	8	197093	82.0
38	1	8	300760	120.0
39	1	8	210058	88.0
40	1	8	210420	95.0
41	1	8	226924	96.0
42	1	8	291116	121.0
43	1	8	261510	106.0
44	1	8	209507	93.0
45	1	8	261779	110.0
46	1	8	223467	93.0
47	1	8	241606	98.0
48	1	8	115271	55.0
49	1	8	60461	31.0
50	1	8	282486	108.0
51	1	8	121983	59.0
52	1	8	261052	98.0
53	1	8	168300	78.0
54	1	8	185244	80.0
55	1	8	396966	144.0
56	1	8	213967	83.0
57	1	8	221002	93.0
58	1	8	187201	77.0
59	1	8	208482	89.0
60	1	8	196643	79.0
61	1	8	242833	103.0
62	1	8	216567	89.0
63	1	8	230215	105.0
64	1	8	298924	118.0
65	1	8	264960	116.0
66	1	8	207986	86.0
67	1	8	230525	98.0
68	1	8	262511	102.0
69	1	8	277355	101.0
70	1	8	227244	95.0
71	1	8	196923	86.0
72	1	8	212512	90.0
73	1	8	231399	95.0
74	1	8	182568	79.0
75	1	8	84716	43.0
76	1	8	231949	101.0
77	1	8	170462	70.0
78	1	8	199556	86.0
79	1	8	218171	95.0
80	1	8	256559	115.0
81	1	8	284719	116.0
82	1	8	269996	110.0
83	1	8	204840	86.0
84	1	8	80996	40.0
85	1	8	216514	91.0
86	1	8	199709	85.0
87	1	8	225779	107.0
88	1	8	224168	95.0
89	1	8	362956	143.0
90	1	8	220693	91.0
91	1	8	192831	95.0
92	1	8	219732	88.0
93	1	8	180880	78.0
94	1	8	222339	92.0
95	1	8	104308	50.0
96	1	8	218179	97.0
97	1	8	206322	88.0
98	1	8	229071	107.0
99	1	8	266299	110.0
0	2	8	2504112	1092.0
1	2	8	2618797	1120.0
2	2	8	2493827	1078.0
3	2	8	2732925	1164.0
4	2	8	2741434	1364.0
5	2	8	1681270	772.0
6	2	8	2750258	1194.0
7	2	8	2317372	1010.0
8	2	8	2696063	1151.0
9	2	8	1824277	920.0
10	2	8	3244519	1598.0
11	2	8	3154462	1842.0
12	2	8	1436438	731.0
13	2	8	2369349	1126.0
14	2	8	2958611	1242.0
15	2	8	2885047	1201.0
16	2	8	3108477	1303.0
17	2	8	2930880	1201.0
18	2	8	2689418	1079.0
19	2	8	3906685	1482.0
20	2	8	527597	259.0
21	2	8	666396	333.0
22	2	8	2076692	945.0
23	2	8	2556913	1119.0
24	2	8	2714795	1145.0
25	2	8	2748193	1209.0
26	2	8	1828599	854.0
27	2	8	622856	350.0
28	2	8	2718338	1136.0
29	2	8	2272326	975.0
30	2	8	2652975	1077.0
31	2	8	1882206	820.0
32	2	8	2609408	1081.0
33	2	8	2004380	871.0
34	2	8	2725127	1127.0
35	2	8	2225812	982.0
36	2	8	2814588	1122.0
37	2	8	2381595	988.0
38	2	8	3441106	1316.0
39	2	8	2541757	1046.0
40	2	8	2598795	1097.0
41	2	8	2752868	1173.0
42	2	8	3257102	1242.0
43	2	8	3094507	1274.0
44	2	8	2568627	1129.0
45	2	8	3135637	1334.0
46	2	8	2661473	1089.0
47	2	8	2820980	1122.0
48	2	8	1490465	754.0
49	2	8	792246	424.0
50	2	8	3219790	1262.0
51	2	8	1566094	759.0
52	2	8	2970067	1158.0
53	2	8	2128530	1037.0
54	2	8	2294361	986.0
55	2	8	4295774	1543.0
56	2	8	2582441	1085.0
57	2	8	2642650	1219.0
58	2	8	2246825	943.0
59	2	8	2539445	1106.0
60	2	8	2379825	1015.0
61	2	8	2933552	1205.0
62	2	8	2592496	1077.0
63	2	8	2748151	1127.0
64	2	8	3462831	1361.0
65	2	8	3034063	1190.0
66	2	8	2495407	1060.0
67	2	8	2738184	1167.0
68	2	8	3004030	1208.0
69	2	8	3226043	1365.0
70	2	8	2715471	1147.0
71	2	8	2431853	1052.0
72	2	8	2597223	1108.0
73	2	8	2731475	1303.0
74	2	8	2241295	1174.0
75	2	8	1150961	650.0
76	2	8	2828711	1276.0
77	2	8	2137331	939.0
78	2	8	2446986	1036.0
79	2	8	2691353	1144.0
80	2	8	3037649	1263.0
81	2	8	3341191	1342.0
82	2	8	3152671	1294.0
83	2	8	2473297	1073.0
84	2	8	1069822	565.0
85	2	8	2638043	1320.0
86	2	8	2446566	1090.0
87	2	8	2727037	1489.0
88	2	8	2729055	1232.0
89	2	8	4030950	1560.0
90	2	8	2648004	1179.0
91	2	8	2391713	1029.0
92	2	8	2645120	1087.0
93	2	8	2170153	904.0
94	2	8	2670663	1100.0
95	2	8	1374273	672.0
96	2	8	2666546	1115.0
97	2	8	2514608	1048.0
98	2	8	2787839	1181.0
99	2	8	3141427	1310.0
0	0	9	7551	5.0
1	0	9	8029	5.0
2	0	9	7376	4.0
3	0	9	7931	5.0
4	0	9	8500	6.0
5	0	9	4955	3.0
6	0	9	8536	5.0
7	0	9	7013	5.0
8	0	9	8632	6.0
9	0	9	4967	3.0
10	0	9	11135	6.0
11	0	9	10585	7.0
12	0	9	3575	3.0
13	0	9	6775	7.0
14	0	9	9194	7.0
15	0	9	10224	6.0
16	0	9	10348	7.0
17	0	9	10059	6.0
18	0	9	9212	6.0
19	0	9	13823	9.0
20	0	9	1331	1.0
21	0	9	1737	1.0
22	0	9	5852	4.0
23	0	9	7691	5.0
24	0	9	8468	6.0
25	0	9	8248	6.0
26	0	9	5135	5.0
27	0	9	1401	2.0
28	0	9	8599	4.0
29	0	9	6660	5.0
30	0	9	8350	5.0
31	0	9	5668	4.0
32	0	9	7906	6.0
33	0	9	5776	4.0
34	0	9	8097	6.0
35	0	9	6185	4.0
36	0	9	9021	5.0
37	0	9	7793	5.0
38	0	9	11882	8.0
39	0	9	7771	5.0
40	0	9	7739	6.0
41	0	9	8575	6.0
42	0	9	12860	6.0
43	0	9	9948	7.0
44	0	9	7578	5.0
45	0	9	9623	9.0
46	0	9	8354	6.0
47	0	9	10047	6.0
48	0	9	3960	3.0
49	0	9	2229	1.0
50	0	9	12093	5.0
51	0	9	4348	3.0
52	0	9	11196	7.0
53	0	9	5977	4.0
54	0	9	6890	5.0
55	0	9	16867	10.0
56	0	9	7973	6.0
57	0	9	8434	6.0
58	0	9	7431	3.0
59	0	9	7771	5.0
60	0	9	7501	5.0
61	0	9	8999	6.0
62	0	9	8160	6.0
63	0	9	8979	6.0
64	0	9	11711	8.0
65	0	9	11068	7.0
66	0	9	7869	6.0
67	0	9	9134	4.0
68	0	9	10968	7.0
69	0	9	11147	8.0
70	0	9	8597	6.0
71	0	9	7096	5.0
72	0	9	7891	6.0
73	0	9	9405	6.0
74	0	9	6641	5.0
75	0	9	2622	2.0
76	0	9	8525	6.0
77	0	9	6113	3.0
78	0	9	7302	5.0
79	0	9	7808	6.0
80	0	9	9948	7.0
81	0	9	10704	8.0
82	0	9	11014	7.0
83	0	9	7722	5.0
84	0	9	2742	2.0
85	0	9	8014	5.0
86	0	9	7453	5.0
87	0	9	8467	6.0
88	0	9	8258	13.0
89	0	9	14960	9.0
90	0	9	8459	6.0
91	0	9	6901	5.0
92	0	9	8278	6.0
93	0	9	7447	5.0
94	0	9	8440	7.0
95	0	9	3460	3.0
96	0	9	7899	5.0
97	0	9	7547	5.0
98	0	9	8447	6.0
99	0	9	10096	7.0
0	1	9	242645	120.0
1	1	9	255759	129.0
2	1	9	237391	121.0
3	1	9	256014	135.0
4	1	9	273348	139.0
5	1	9	160425	81.0
6	1	9	270841	145.0
7	1	9	224830	107.0
8	1	9	274190	134.0
9	1	9	162390	86.0
10	1	9	349201	169.0
11	1	9	334929	166.0
12	1	9	122048	67.0
13	1	9	219245	125.0
14	1	9	294203	140.0
15	1	9	315719	153.0
16	1	9	328343	160.0
17	1	9	314463	152.0
18	1	9	288371	135.0
19	1	9	437801	222.0
20	1	9	46163	24.0
21	1	9	59053	31.0
22	1	9	190455	98.0
23	1	9	250428	130.0
24	1	9	269074	133.0
25	1	9	264826	136.0
26	1	9	170188	86.0
27	1	9	50387	28.0
28	1	9	273816	142.0
29	1	9	216406	111.0
30	1	9	266343	138.0
31	1	9	182997	89.0
32	1	9	254519	141.0
33	1	9	189513	97.0
34	1	9	259830	134.0
35	1	9	202797	105.0
36	1	9	285601	142.0
37	1	9	243095	111.0
38	1	9	378230	192.0
39	1	9	251257	127.0
40	1	9	246833	134.0
41	1	9	271332	135.0
42	1	9	391418	187.0
43	1	9	318019	157.0
44	1	9	247187	126.0
45	1	9	308611	163.0
46	1	9	269099	134.0
47	1	9	308745	141.0
48	1	9	130625	79.0
49	1	9	74448	36.0
50	1	9	369246	170.0
51	1	9	143013	73.0
52	1	9	347898	156.0
53	1	9	193454	99.0
54	1	9	220573	131.0
55	1	9	524401	227.0
56	1	9	256888	133.0
57	1	9	268356	138.0
58	1	9	230327	109.0
59	1	9	248951	164.0
60	1	9	240487	128.0
61	1	9	288145	151.0
62	1	9	261281	131.0
63	1	9	283890	143.0
64	1	9	368413	198.0
65	1	9	344802	184.0
66	1	9	254555	126.0
67	1	9	285222	146.0
68	1	9	340171	159.0
69	1	9	347824	163.0
70	1	9	274442	137.0
71	1	9	230585	130.0
72	1	9	252414	129.0
73	1	9	292618	146.0
74	1	9	216410	105.0
75	1	9	93195	52.0
76	1	9	271319	138.0
77	1	9	198635	102.0
78	1	9	235150	130.0
79	1	9	254280	129.0
80	1	9	313969	166.0
81	1	9	345053	180.0
82	1	9	340068	161.0
83	1	9	246074	112.0
84	1	9	92972	50.0
85	1	9	255970	136.0
86	1	9	239388	119.0
87	1	9	268357	145.0
88	1	9	264326	132.0
89	1	9	466498	230.0
90	1	9	268187	132.0
91	1	9	225762	117.0
92	1	9	264537	132.0
93	1	9	229991	115.0
94	1	9	268785	133.0
95	1	9	118803	88.0
96	1	9	254859	132.0
97	1	9	245233	126.0
98	1	9	271604	140.0
99	1	9	321616	152.0
0	2	9	3539244	1785.0
1	2	9	3715715	1863.0
2	2	9	3475606	1777.0
3	2	9	3778222	1969.0
4	2	9	3990510	2040.0
5	2	9	2302107	1158.0
6	2	9	3945332	1988.0
7	2	9	3262113	1629.0
8	2	9	3950408	1935.0
9	2	9	2383721	1261.0
10	2	9	5005330	2447.0
11	2	9	4831926	2347.0
12	2	9	1821848	1036.0
13	2	9	3227584	1698.0
14	2	9	4308721	2189.0
15	2	9	4438980	2054.0
16	2	9	4735052	2297.0
17	2	9	4480012	2150.0
18	2	9	4081238	1927.0
19	2	9	6307276	3016.0
20	2	9	683498	343.0
21	2	9	865029	435.0
22	2	9	2801038	1482.0
23	2	9	3684646	1869.0
24	2	9	3912812	1979.0
25	2	9	3890875	2007.0
26	2	9	2497451	1301.0
27	2	9	762596	453.0
28	2	9	3959566	1952.0
29	2	9	3183582	1637.0
30	2	9	3872609	1904.0
31	2	9	2632212	1306.0
32	2	9	3729925	1884.0
33	2	9	2773672	1426.0
34	2	9	3824925	1962.0
35	2	9	3003238	1578.0
36	2	9	4121049	2006.0
37	2	9	3446955	1651.0
38	2	9	5451208	2704.0
39	2	9	3675892	1853.0
40	2	9	3616364	1841.0
41	2	9	3936636	1972.0
42	2	9	5410764	2462.0
43	2	9	4621928	2296.0
44	2	9	3639039	1856.0
45	2	9	4554651	2390.0
46	2	9	3929739	1947.0
47	2	9	4322645	1991.0
48	2	9	1923535	1028.0
49	2	9	1076925	577.0
50	2	9	5146294	2370.0
51	2	9	2081838	1178.0
52	2	9	4866097	2210.0
53	2	9	2838064	1503.0
54	2	9	3205312	1616.0
55	2	9	7397383	3366.0
56	2	9	3744454	1861.0
57	2	9	3885886	1930.0
58	2	9	3255777	1635.0
59	2	9	3626900	1837.0
60	2	9	3464479	1732.0
61	2	9	4227338	2204.0
62	2	9	3786682	1925.0
63	2	9	4063822	1955.0
64	2	9	5308412	2602.0
65	2	9	4846003	2310.0
66	2	9	3690198	1876.0
67	2	9	4060277	2027.0
68	2	9	4799614	2305.0
69	2	9	4960014	2410.0
70	2	9	3983189	2065.0
71	2	9	3398591	1922.0
72	2	9	3682491	1889.0
73	2	9	4131708	2039.0
74	2	9	3154639	1655.0
75	2	9	1405946	809.0
76	2	9	3971921	2046.0
77	2	9	2911386	1648.0
78	2	9	3445730	1801.0
79	2	9	3760620	2034.0
80	2	9	4529971	2265.0
81	2	9	5056315	2577.0
82	2	9	4822661	2360.0
83	2	9	3558037	1827.0
84	2	9	1368966	777.0
85	2	9	3731941	1913.0
86	2	9	3471983	1774.0
87	2	9	3905361	1988.0
88	2	9	3870709	1970.0
89	2	9	6630324	3127.0
90	2	9	3868718	1909.0
91	2	9	3350060	1762.0
92	2	9	3844641	1984.0
93	2	9	3218058	1544.0
94	2	9	3898607	1998.0
95	2	9	1765210	969.0
96	2	9	3747466	1956.0
97	2	9	3588461	1813.0
98	2	9	3976842	2022.0
99	2	9	4685702	2412.0
0	0	10	7915	5.0
1	0	10	8368	6.0
2	0	10	7588	4.0
3	0	10	8065	6.0
4	0	10	8772	6.0
5	0	10	5327	2.0
6	0	10	8795	6.0
7	0	10	7375	5.0
8	0	10	9149	6.0
9	0	10	5154	4.0
10	0	10	11673	8.0
11	0	10	10994	5.0
12	0	10	3646	3.0
13	0	10	6943	5.0
14	0	10	9446	7.0
15	0	10	11221	6.0
16	0	10	10824	7.0
17	0	10	10624	9.0
18	0	10	9841	6.0
19	0	10	14295	11.0
20	0	10	1465	1.0
21	0	10	1899	1.0
22	0	10	5968	5.0
23	0	10	7887	6.0
24	0	10	8862	10.0
25	0	10	8480	6.0
26	0	10	5333	6.0
27	0	10	1477	1.0
28	0	10	9048	6.0
29	0	10	6820	4.0
30	0	10	8647	6.0
31	0	10	6046	5.0
32	0	10	8130	7.0
33	0	10	5988	4.0
34	0	10	8307	4.0
35	0	10	6345	5.0
36	0	10	9505	6.0
37	0	10	8437	5.0
38	0	10	12320	8.0
39	0	10	7993	6.0
40	0	10	8055	5.0
41	0	10	8955	6.0
42	0	10	14389	9.0
43	0	10	10318	7.0
44	0	10	7740	5.0
45	0	10	9791	6.0
46	0	10	8580	6.0
47	0	10	11010	7.0
48	0	10	4088	3.0
49	0	10	2478	2.0
50	0	10	13293	8.0
51	0	10	4633	4.0
52	0	10	12444	8.0
53	0	10	6183	4.0
54	0	10	7272	5.0
55	0	10	17656	12.0
56	0	10	8259	6.0
57	0	10	8713	6.0
58	0	10	7961	5.0
59	0	10	8136	4.0
60	0	10	7881	5.0
61	0	10	9297	7.0
62	0	10	8403	6.0
63	0	10	9519	6.0
64	0	10	12215	8.0
65	0	10	11949	8.0
66	0	10	8188	4.0
67	0	10	9740	6.0
68	0	10	11778	8.0
69	0	10	11845	8.0
70	0	10	8983	6.0
71	0	10	7304	5.0
72	0	10	8184	9.0
73	0	10	10245	9.0
74	0	10	6861	4.0
75	0	10	2696	2.0
76	0	10	8780	6.0
77	0	10	6303	5.0
78	0	10	7530	6.0
79	0	10	8000	6.0
80	0	10	10444	7.0
81	0	10	10975	8.0
82	0	10	11888	8.0
83	0	10	8031	6.0
84	0	10	2884	3.0
85	0	10	8323	6.0
86	0	10	7801	8.0
87	0	10	8712	7.0
88	0	10	8476	6.0
89	0	10	15673	14.0
90	0	10	8847	6.0
91	0	10	7113	6.0
92	0	10	8548	6.0
93	0	10	8327	4.0
94	0	10	8740	6.0
95	0	10	3586	3.0
96	0	10	8073	7.0
97	0	10	7743	6.0
98	0	10	8751	6.0
99	0	10	10396	7.0
0	1	10	263411	146.0
1	1	10	276292	158.0
2	1	10	252409	148.0
3	1	10	268182	200.0
4	1	10	293368	165.0
5	1	10	178809	103.0
6	1	10	289316	255.0
7	1	10	245018	216.0
8	1	10	303219	210.0
9	1	10	173049	158.0
10	1	10	384447	333.0
11	1	10	363296	297.0
12	1	10	127303	128.0
13	1	10	231265	180.0
14	1	10	313393	172.0
15	1	10	364462	185.0
16	1	10	358729	206.0
17	1	10	348348	195.0
18	1	10	323070	167.0
19	1	10	475953	252.0
20	1	10	52421	26.0
21	1	10	66643	34.0
22	1	10	199711	111.0
23	1	10	266408	146.0
24	1	10	292408	155.0
25	1	10	281394	156.0
26	1	10	182580	98.0
27	1	10	54185	30.0
28	1	10	299477	158.0
29	1	10	228774	125.0
30	1	10	286408	163.0
31	1	10	202635	103.0
32	1	10	271619	159.0
33	1	10	203381	107.0
34	1	10	275076	161.0
35	1	10	213893	118.0
36	1	10	313013	172.0
37	1	10	274527	137.0
38	1	10	412270	223.0
39	1	10	268151	148.0
40	1	10	265155	145.0
41	1	10	293708	157.0
42	1	10	465293	227.0
43	1	10	343941	180.0
44	1	10	261413	153.0
45	1	10	324539	187.0
46	1	10	287269	158.0
47	1	10	355994	168.0
48	1	10	138101	75.0
49	1	10	85835	43.0
50	1	10	429680	206.0
51	1	10	157086	94.0
52	1	10	409320	199.0
53	1	10	205582	111.0
54	1	10	241057	126.0
55	1	10	582588	307.0
56	1	10	276228	142.0
57	1	10	289185	156.0
58	1	10	257667	130.0
59	1	10	269914	145.0
60	1	10	263711	140.0
61	1	10	308791	177.0
62	1	10	280028	152.0
63	1	10	314386	167.0
64	1	10	401307	210.0
65	1	10	393421	204.0
66	1	10	276718	146.0
67	1	10	317624	169.0
68	1	10	385731	201.0
69	1	10	387262	206.0
70	1	10	298128	154.0
71	1	10	245043	139.0
72	1	10	271119	143.0
73	1	10	334340	172.0
74	1	10	231476	122.0
75	1	10	97433	63.0
76	1	10	288264	177.0
77	1	10	211369	115.0
78	1	10	250982	136.0
79	1	10	269160	153.0
80	1	10	344131	183.0
81	1	10	368756	199.0
82	1	10	385312	193.0
83	1	10	265643	136.0
84	1	10	100274	57.0
85	1	10	275143	145.0
86	1	10	260332	148.0
87	1	10	286094	150.0
88	1	10	280944	153.0
89	1	10	515177	253.0
90	1	10	292091	154.0
91	1	10	240272	127.0
92	1	10	284087	152.0
93	1	10	269941	126.0
94	1	10	289803	145.0
95	1	10	126213	71.0
96	1	10	268901	146.0
97	1	10	260931	144.0
98	1	10	291220	154.0
99	1	10	344518	172.0
0	2	10	4133583	2297.0
1	2	10	4326447	2361.0
2	2	10	3976599	2250.0
3	2	10	4250203	2755.0
4	2	10	4660705	2729.0
5	2	10	2742040	1533.0
6	2	10	4560392	2519.0
7	2	10	3817640	2048.0
8	2	10	4741305	2483.0
9	2	10	2688547	1520.0
10	2	10	6071204	3230.0
11	2	10	5757449	3105.0
12	2	10	2004333	1196.0
13	2	10	3639421	2091.0
14	2	10	4982735	2801.0
15	2	10	5596689	2759.0
16	2	10	5667428	3047.0
17	2	10	5450237	2969.0
18	2	10	5000377	2976.0
19	2	10	7633595	4297.0
20	2	10	818772	405.0
21	2	10	1031155	520.0
22	2	10	3137274	1859.0
23	2	10	4257379	2411.0
24	2	10	4596959	2594.0
25	2	10	4458379	2507.0
26	2	10	2873702	1611.0
27	2	10	854224	502.0
28	2	10	4691560	2566.0
29	2	10	3626961	2080.0
30	2	10	4525403	2511.0
31	2	10	3131418	1657.0
32	2	10	4319117	2467.0
33	2	10	3204475	1807.0
34	2	10	4358333	2490.0
35	2	10	3377234	1948.0
36	2	10	4892926	2662.0
37	2	10	4199186	2179.0
38	2	10	6603565	3690.0
39	2	10	4262777	2388.0
40	2	10	4159560	2342.0
41	2	10	4593260	2543.0
42	2	10	7133068	3510.0
43	2	10	5466701	3601.0
44	2	10	4165321	2602.0
45	2	10	5192740	3064.0
46	2	10	4574262	2576.0
47	2	10	5443357	2727.0
48	2	10	2144967	1219.0
49	2	10	1320315	706.0
50	2	10	6604445	3398.0
51	2	10	2425550	1357.0
52	2	10	6329979	3072.0
53	2	10	3201469	1784.0
54	2	10	3754845	1981.0
55	2	10	9289372	4866.0
56	2	10	4367725	2400.0
57	2	10	4574336	2500.0
58	2	10	3935826	1994.0
59	2	10	4234385	2295.0
60	2	10	4136474	2238.0
61	2	10	4909060	2763.0
62	2	10	4426041	2442.0
63	2	10	4896369	2596.0
64	2	10	6338868	3448.0
65	2	10	6129148	3145.0
66	2	10	4392340	2395.0
67	2	10	4912289	2567.0
68	2	10	6023775	3128.0
69	2	10	6047401	3230.0
70	2	10	4702818	2627.0
71	2	10	3879716	2177.0
72	2	10	4265371	2386.0
73	2	10	5141986	2630.0
74	2	10	3644214	2342.0
75	2	10	1533085	951.0
76	2	10	4529721	2553.0
77	2	10	3315751	2110.0
78	2	10	3967153	2293.0
79	2	10	4286008	2553.0
80	2	10	5416523	3000.0
81	2	10	5928953	3426.0
82	2	10	5970169	3094.0
83	2	10	4160779	2375.0
84	2	10	1555631	983.0
85	2	10	4321358	2403.0
86	2	10	4078091	2283.0
87	2	10	4505468	2520.0
88	2	10	4445758	2494.0
89	2	10	8169887	4463.0
90	2	10	4576331	2494.0
91	2	10	3835708	2176.0
92	2	10	4489742	2516.0
93	2	10	4087758	2028.0
94	2	10	4580209	2537.0
95	2	10	1978160	1143.0
96	2	10	4261484	2424.0
97	2	10	4138317	2456.0
98	2	10	4598116	2636.0
99	2	10	5483009	3086.0
0	0	11	8163	5.0
1	0	11	8578	6.0
2	0	11	7684	5.0
3	0	11	8095	6.0
4	0	11	8888	6.0
5	0	11	5617	4.0
6	0	11	8911	5.0
7	0	11	7609	5.0
8	0	11	9497	6.0
9	0	11	5278	3.0
10	0	11	11921	8.0
11	0	11	11208	6.0
12	0	11	3676	4.0
13	0	11	7007	5.0
14	0	11	9572	5.0
15	0	11	11997	8.0
16	0	11	11082	8.0
17	0	11	10960	7.0
18	0	11	10255	6.0
19	0	11	14475	7.0
20	0	11	1567	1.0
21	0	11	2019	1.0
22	0	11	6002	4.0
23	0	11	7959	6.0
24	0	11	9136	10.0
25	0	11	8582	8.0
26	0	11	5467	4.0
27	0	11	1533	2.0
28	0	11	9324	6.0
29	0	11	6866	5.0
30	0	11	8803	6.0
31	0	11	6316	5.0
32	0	11	8212	7.0
33	0	11	6094	5.0
34	0	11	8429	8.0
35	0	11	6439	5.0
36	0	11	9817	6.0
37	0	11	8947	6.0
38	0	11	12504	10.0
39	0	11	8085	5.0
40	0	11	8261	6.0
41	0	11	9211	6.0
42	0	11	15591	10.0
43	0	11	10500	7.0
44	0	11	7788	5.0
45	0	11	9837	7.0
46	0	11	8688	6.0
47	0	11	11736	7.0
48	0	11	4158	5.0
49	0	11	2682	2.0
50	0	11	14205	7.0
51	0	11	4849	4.0
52	0	11	13376	8.0
53	0	11	6307	4.0
54	0	11	7556	5.0
55	0	11	17950	13.0
56	0	11	8423	7.0
57	0	11	8831	6.0
58	0	11	8333	5.0
59	0	11	8386	6.0
60	0	11	8101	5.0
61	0	11	9475	10.0
62	0	11	8509	8.0
63	0	11	9853	10.0
64	0	11	12485	9.0
65	0	11	12535	8.0
66	0	11	8344	7.0
67	0	11	10158	8.0
68	0	11	12308	8.0
69	0	11	12309	6.0
70	0	11	9231	6.0
71	0	11	7404	5.0
72	0	11	8334	6.0
73	0	11	10917	7.0
74	0	11	6981	5.0
75	0	11	2748	2.0
76	0	11	8912	7.0
77	0	11	6405	5.0
78	0	11	7640	6.0
79	0	11	8066	8.0
80	0	11	10750	8.0
81	0	11	11071	8.0
82	0	11	12552	8.0
83	0	11	8211	6.0
84	0	11	2970	2.0
85	0	11	8531	6.0
86	0	11	7999	6.0
87	0	11	8802	5.0
88	0	11	8586	6.0
89	0	11	15981	12.0
90	0	11	9067	6.0
91	0	11	7231	5.0
92	0	11	8666	6.0
93	0	11	9107	5.0
94	0	11	8894	6.0
95	0	11	3674	3.0
96	0	11	8131	7.0
97	0	11	7827	7.0
98	0	11	8927	8.0
99	0	11	10548	7.0
0	1	11	276829	154.0
1	1	11	288406	154.0
2	1	11	259095	142.0
3	1	11	271900	148.0
4	1	11	302154	167.0
5	1	11	193427	95.0
6	1	11	297432	167.0
7	1	11	257960	135.0
8	1	11	322291	174.0
9	1	11	179867	99.0
10	1	11	401607	217.0
11	1	11	377126	207.0
12	1	11	129515	74.0
13	1	11	236177	133.0
14	1	11	322329	180.0
15	1	11	403114	191.0
16	1	11	374909	204.0
17	1	11	368072	197.0
18	1	11	345640	175.0
19	1	11	490889	257.0
20	1	11	57587	28.0
21	1	11	72749	35.0
22	1	11	202799	113.0
23	1	11	272538	150.0
24	1	11	307426	164.0
25	1	11	288442	159.0
26	1	11	190208	117.0
27	1	11	57069	37.0
28	1	11	315044	177.0
29	1	11	232886	131.0
30	1	11	296308	174.0
31	1	11	216779	111.0
32	1	11	278397	158.0
33	1	11	210361	114.0
34	1	11	282758	150.0
35	1	11	219713	121.0
36	1	11	330345	174.0
37	1	11	299877	147.0
38	1	11	426671	236.0
39	1	11	275095	158.0
40	1	11	276349	153.0
41	1	11	307747	164.0
42	1	11	525117	248.0
43	1	11	356364	196.0
44	1	11	266359	145.0
45	1	11	329503	188.0
46	1	11	295153	161.0
47	1	11	392935	187.0
48	1	11	142163	78.0
49	1	11	95771	46.0
50	1	11	476877	225.0
51	1	11	167986	88.0
52	1	11	456426	223.0
53	1	11	212566	116.0
54	1	11	255883	137.0
55	1	11	606382	311.0
56	1	11	286310	156.0
57	1	11	297941	166.0
58	1	11	277317	137.0
59	1	11	283468	147.0
60	1	11	276813	147.0
61	1	11	319901	180.0
62	1	11	288146	158.0
63	1	11	333034	171.0
64	1	11	418267	233.0
65	1	11	425445	216.0
66	1	11	287432	154.0
67	1	11	339804	160.0
68	1	11	415253	215.0
69	1	11	412868	213.0
70	1	11	312274	167.0
71	1	11	251907	137.0
72	1	11	280671	151.0
73	1	11	367894	180.0
74	1	11	239123	129.0
75	1	11	100151	60.0
76	1	11	296594	161.0
77	1	11	217903	119.0
78	1	11	258416	151.0
79	1	11	274726	149.0
80	1	11	362127	200.0
81	1	11	377581	221.0
82	1	11	419482	211.0
83	1	11	276400	163.0
84	1	11	104896	69.0
85	1	11	286997	154.0
86	1	11	272092	145.0
87	1	11	292958	160.0
88	1	11	288584	161.0
89	1	11	537063	285.0
90	1	11	305233	162.0
91	1	11	247704	137.0
92	1	11	292536	164.0
93	1	11	307031	141.0
94	1	11	299930	160.0
95	1	11	131081	83.0
96	1	11	273823	151.0
97	1	11	267537	154.0
98	1	11	301958	158.0
99	1	11	355064	195.0
0	2	11	4497653	2486.0
1	2	11	4678203	2619.0
2	2	11	4209015	2441.0
3	2	11	4426999	2690.0
4	2	11	4977643	2958.0
5	2	11	3093082	1583.0
6	2	11	4844098	2755.0
7	2	11	4168036	2309.0
8	2	11	5257229	2813.0
9	2	11	2874459	1650.0
10	2	11	6639356	3793.0
11	2	11	6216611	3558.0
12	2	11	2084839	1265.0
13	2	11	3820813	2230.0
14	2	11	5298589	3069.0
15	2	11	6520473	3235.0
16	2	11	6173922	3434.0
17	2	11	6026729	3315.0
18	2	11	5602507	2943.0
19	2	11	8223719	4857.0
20	2	11	939242	447.0
21	2	11	1174557	580.0
22	2	11	3266998	1941.0
23	2	11	4502149	2641.0
24	2	11	5012539	2831.0
25	2	11	4708897	2716.0
26	2	11	3093408	1755.0
27	2	11	924402	531.0
28	2	11	5129189	2816.0
29	2	11	3799915	2303.0
30	2	11	4849393	2730.0
31	2	11	3490392	1837.0
32	2	11	4580569	2836.0
33	2	11	3429323	1940.0
34	2	11	4613325	2672.0
35	2	11	3563622	2061.0
36	2	11	5369952	2897.0
37	2	11	4801712	2419.0
38	2	11	7146166	4447.0
39	2	11	4524009	2708.0
40	2	11	4470264	2576.0
41	2	11	4984323	2749.0
42	2	11	8551802	4094.0
43	2	11	5887386	3342.0
44	2	11	4380759	2562.0
45	2	11	5425716	3257.0
46	2	11	4862814	2777.0
47	2	11	6336206	3098.0
48	2	11	2263109	1301.0
49	2	11	1544783	764.0
50	2	11	7763196	3777.0
51	2	11	2688974	1465.0
52	2	11	7472719	3623.0
53	2	11	3400867	1956.0
54	2	11	4134449	2209.0
55	2	11	10187798	5684.0
56	2	11	4686591	2621.0
57	2	11	4892670	2782.0
58	2	11	4430718	2265.0
59	2	11	4604217	2513.0
60	2	11	4526674	2481.0
61	2	11	5263588	2983.0
62	2	11	4726449	2679.0
63	2	11	5411663	2894.0
64	2	11	6877038	3846.0
65	2	11	6992806	3622.0
66	2	11	4754348	2680.0
67	2	11	5489653	2897.0
68	2	11	6830501	3591.0
69	2	11	6742637	3599.0
70	2	11	5114912	2882.0
71	2	11	4110606	2360.0
72	2	11	4567583	2581.0
73	2	11	5947116	2980.0
74	2	11	3893325	2211.0
75	2	11	1606751	964.0
76	2	11	4797909	2756.0
77	2	11	3524549	2041.0
78	2	11	4219245	2421.0
79	2	11	4507406	2653.0
80	2	11	5942765	3281.0
81	2	11	6295698	3726.0
82	2	11	6823085	3520.0
83	2	11	4487980	2500.0
84	2	11	1676463	968.0
85	2	11	4662794	2610.0
86	2	11	4427241	2476.0
87	2	11	4762656	2732.0
88	2	11	4714526	2713.0
89	2	11	8928039	5024.0
90	2	11	4969205	2738.0
91	2	11	4076626	2332.0
92	2	11	4790601	2738.0
93	2	11	4913980	2291.0
94	2	11	4919688	2783.0
95	2	11	2111512	1199.0
96	2	11	4464180	2608.0
97	2	11	4388553	2542.0
98	2	11	4928140	2795.0
99	2	11	5855689	3374.0
0	0	12	8346	4.0
1	0	12	8716	6.0
2	0	12	7736	4.0
3	0	12	8101	6.0
4	0	12	8948	5.0
5	0	12	5857	4.0
6	0	12	8977	6.0
7	0	12	7775	4.0
8	0	12	9757	7.0
9	0	12	5377	4.0
10	0	12	12039	7.0
11	0	12	11342	11.0
12	0	12	3696	3.0
13	0	12	7039	5.0
14	0	12	9660	7.0
15	0	12	12653	8.0
16	0	12	11252	7.0
17	0	12	11196	8.0
18	0	12	10545	7.0
19	0	12	14545	10.0
20	0	12	1647	1.0
21	0	12	2109	1.0
22	0	12	6008	4.0
23	0	12	7981	6.0
24	0	12	9344	8.0
25	0	12	8646	7.0
26	0	12	5573	4.0
27	0	12	1577	1.0
28	0	12	9526	7.0
29	0	12	6886	5.0
30	0	12	8891	6.0
31	0	12	6526	4.0
32	0	12	8242	6.0
33	0	12	6156	4.0
34	0	12	8517	6.0
35	0	12	6503	5.0
36	0	12	10043	6.0
37	0	12	9369	6.0
38	0	12	12598	7.0
39	0	12	8117	6.0
40	0	12	8421	6.0
41	0	12	9407	6.0
42	0	12	16598	9.0
43	0	12	10628	5.0
44	0	12	7800	6.0
45	0	12	9849	7.0
46	0	12	8758	6.0
47	0	12	12328	11.0
48	0	12	4198	3.0
49	0	12	2858	2.0
50	0	12	14937	8.0
51	0	12	5035	3.0
52	0	12	14146	8.0
53	0	12	6401	4.0
54	0	12	7788	7.0
55	0	12	18052	15.0
56	0	12	8547	5.0
57	0	12	8887	6.0
58	0	12	8615	6.0
59	0	12	8574	7.0
60	0	12	8251	6.0
61	0	12	9609	7.0
62	0	12	8567	6.0
63	0	12	10085	6.0
64	0	12	12663	8.0
65	0	12	12989	8.0
66	0	12	8450	6.0
67	0	12	10486	7.0
68	0	12	12686	8.0
69	0	12	12659	8.0
70	0	12	9421	6.0
71	0	12	7464	6.0
72	0	12	8427	6.0
73	0	12	11501	7.0
74	0	12	7069	5.0
75	0	12	2792	2.0
76	0	12	8986	6.0
77	0	12	6477	5.0
78	0	12	7696	6.0
79	0	12	8080	6.0
80	0	12	10978	7.0
81	0	12	11101	8.0
82	0	12	13096	8.0
83	0	12	8342	6.0
84	0	12	3012	2.0
85	0	12	8691	6.0
86	0	12	8125	6.0
87	0	12	8842	6.0
88	0	12	8654	5.0
89	0	12	16121	11.0
90	0	12	9213	7.0
91	0	12	7305	5.0
92	0	12	8730	6.0
93	0	12	9825	5.0
94	0	12	8988	6.0
95	0	12	3742	3.0
96	0	12	8157	8.0
97	0	12	7889	7.0
98	0	12	9049	6.0
99	0	12	10644	7.0
0	1	12	286896	166.0
1	1	12	296302	162.0
2	1	12	262563	144.0
3	1	12	273016	163.0
4	1	12	306516	162.0
5	1	12	206099	101.0
6	1	12	301744	170.0
7	1	12	267306	139.0
8	1	12	336621	186.0
9	1	12	185334	106.0
10	1	12	410183	233.0
11	1	12	385294	222.0
12	1	12	130861	74.0
13	1	12	238469	143.0
14	1	12	327897	178.0
15	1	12	437170	211.0
16	1	12	385179	209.0
17	1	12	381654	202.0
18	1	12	361958	175.0
19	1	12	496645	281.0
20	1	12	61963	30.0
21	1	12	77711	37.0
22	1	12	203577	123.0
23	1	12	274654	153.0
24	1	12	318764	167.0
25	1	12	292384	161.0
26	1	12	196038	109.0
27	1	12	59477	34.0
28	1	12	326446	182.0
29	1	12	234476	125.0
30	1	12	301822	164.0
31	1	12	228169	115.0
32	1	12	280947	157.0
33	1	12	214361	116.0
34	1	12	287912	162.0
35	1	12	223489	126.0
36	1	12	343133	180.0
37	1	12	322019	152.0
38	1	12	433485	245.0
39	1	12	277771	156.0
40	1	12	284993	151.0
41	1	12	318491	162.0
42	1	12	578020	267.0
43	1	12	364154	207.0
44	1	12	267939	152.0
45	1	12	330977	192.0
46	1	12	299615	164.0
47	1	12	424567	198.0
48	1	12	144607	80.0
49	1	12	104949	50.0
50	1	12	516795	254.0
51	1	12	177776	93.0
52	1	12	497010	247.0
53	1	12	217794	125.0
54	1	12	268351	137.0
55	1	12	615194	341.0
56	1	12	293396	154.0
57	1	12	302011	168.0
58	1	12	292997	146.0
59	1	12	293772	165.0
60	1	12	285503	152.0
61	1	12	327803	178.0
62	1	12	292314	163.0
63	1	12	346002	178.0
64	1	12	429033	235.0
65	1	12	450383	225.0
66	1	12	294068	159.0
67	1	12	357502	180.0
68	1	12	436591	223.0
69	1	12	432396	222.0
70	1	12	322796	173.0
71	1	12	255799	140.0
72	1	12	286464	143.0
73	1	12	398326	192.0
74	1	12	244205	131.0
75	1	12	102427	63.0
76	1	12	301186	159.0
77	1	12	222213	125.0
78	1	12	262146	144.0
79	1	12	276450	160.0
80	1	12	375235	204.0
81	1	12	380615	224.0
82	1	12	448410	216.0
83	1	12	283925	151.0
84	1	12	107418	61.0
85	1	12	295969	158.0
86	1	12	279450	144.0
87	1	12	295962	163.0
88	1	12	292894	161.0
89	1	12	547111	283.0
90	1	12	313731	167.0
91	1	12	252348	139.0
92	1	12	296800	161.0
93	1	12	343491	160.0
94	1	12	305704	166.0
95	1	12	134813	77.0
96	1	12	275841	153.0
97	1	12	271553	154.0
98	1	12	309154	164.0
99	1	12	361124	200.0
0	2	12	4765217	2618.0
1	2	12	4900921	2725.0
2	2	12	4326108	2512.0
3	2	12	4490112	2695.0
4	2	12	5133513	3019.0
5	2	12	3407548	1707.0
6	2	12	4987607	2859.0
7	2	12	4420307	2407.0
8	2	12	5639696	3024.0
9	2	12	3019004	1696.0
10	2	12	6937933	3954.0
11	2	12	6471036	3713.0
12	2	12	2129503	1285.0
13	2	12	3903914	2316.0
14	2	12	5476727	3254.0
15	2	12	7354729	3589.0
16	2	12	6483366	3612.0
17	2	12	6412033	3491.0
18	2	12	6042403	3182.0
19	2	12	8464278	4946.0
20	2	12	1049576	492.0
21	2	12	1300677	631.0
22	2	12	3307882	1998.0
23	2	12	4596715	2697.0
24	2	12	5313884	2941.0
25	2	12	4836426	2789.0
26	2	12	3250898	1819.0
27	2	12	985784	563.0
28	2	12	5441027	2978.0
29	2	12	3867067	2294.0
30	2	12	5024003	2847.0
31	2	12	3784078	1963.0
32	2	12	4687266	2759.0
33	2	12	3556477	2026.0
34	2	12	4766967	2762.0
35	2	12	3675628	2120.0
36	2	12	5717918	3074.0
37	2	12	5346542	2623.0
38	2	12	7399041	4310.0
39	2	12	4632693	2712.0
40	2	12	4697572	2604.0
41	2	12	5271050	2901.0
42	2	12	9854595	4740.0
43	2	12	6128914	3626.0
44	2	12	4460423	2722.0
45	2	12	5503567	3397.0
46	2	12	5010232	2896.0
47	2	12	7129448	3439.0
48	2	12	2334969	1353.0
49	2	12	1766443	860.0
50	2	12	8781768	4250.0
51	2	12	2931146	1569.0
52	2	12	8482967	4060.0
53	2	12	3542317	1996.0
54	2	12	4453143	2363.0
55	2	12	10556191	6052.0
56	2	12	4889855	2741.0
57	2	12	5041331	2899.0
58	2	12	4839890	2446.0
59	2	12	4877376	2646.0
60	2	12	4776200	2640.0
61	2	12	5494508	3136.0
62	2	12	4876316	2815.0
63	2	12	5765690	3066.0
64	2	12	7201054	4040.0
65	2	12	7657139	3956.0
66	2	12	4964187	2796.0
67	2	12	5947127	3076.0
68	2	12	7412532	3923.0
69	2	12	7265367	3864.0
70	2	12	5401990	3029.0
71	2	12	4236056	2439.0
72	2	12	4745603	2734.0
73	2	12	6693640	3270.0
74	2	12	4043147	2310.0
75	2	12	1664569	1001.0
76	2	12	4940273	2844.0
77	2	12	3653383	2088.0
78	2	12	4344493	2512.0
79	2	12	4590330	2721.0
80	2	12	6310736	3484.0
81	2	12	6435616	3861.0
82	2	12	7552440	3827.0
83	2	12	4702581	2612.0
84	2	12	1748209	1015.0
85	2	12	4907629	2732.0
86	2	12	4641322	2588.0
87	2	12	4875961	2833.0
88	2	12	4854984	2834.0
89	2	12	9287001	5328.0
90	2	12	5214326	2895.0
91	2	12	4219196	2435.0
92	2	12	4937922	2848.0
93	2	12	5774128	2571.0
94	2	12	5102425	2903.0
95	2	12	2210781	1262.0
96	2	12	4546035	2670.0
97	2	12	4523527	2628.0
98	2	12	5136928	2892.0
99	2	12	6052727	3516.0
0	3	6	669937	294.0
1	3	6	671221	246.0
2	3	6	669715	223.0
3	3	6	671584	226.0
4	3	6	669927	228.0
5	3	6	658376	227.0
6	3	6	670859	278.0
7	3	6	667350	233.0
8	3	6	671047	227.0
9	3	6	663926	228.0
10	3	6	672464	215.0
11	3	6	671026	218.0
12	3	6	653422	238.0
13	3	6	669691	215.0
14	3	6	671298	213.0
15	3	6	670977	218.0
16	3	6	671615	216.0
17	3	6	670601	208.0
18	3	6	669249	213.0
19	3	6	673570	204.0
20	3	6	526967	220.0
21	3	6	559168	232.0
22	3	6	663445	229.0
23	3	6	667845	232.0
24	3	6	671035	219.0
25	3	6	671170	219.0
26	3	6	659727	232.0
27	3	6	561716	240.0
28	3	6	670683	214.0
29	3	6	666338	224.0
30	3	6	669118	223.0
31	3	6	660751	236.0
32	3	6	670655	223.0
33	3	6	663278	222.0
34	3	6	671282	222.0
35	3	6	667955	224.0
36	3	6	671170	219.0
37	3	6	667924	218.0
38	3	6	672448	216.0
39	3	6	668271	220.0
40	3	6	670632	219.0
41	3	6	671681	219.0
42	3	6	670397	208.0
43	3	6	672131	208.0
44	3	6	669348	212.0
45	3	6	672148	209.0
46	3	6	664937	225.0
47	3	6	670285	220.0
48	3	6	648418	227.0
49	3	6	545888	235.0
50	3	6	672033	210.0
51	3	6	655808	228.0
52	3	6	664204	223.0
53	3	6	668039	220.0
54	3	6	668671	217.0
55	3	6	673777	205.0
56	3	6	669128	231.0
57	3	6	668729	220.0
58	3	6	658626	231.0
59	3	6	667749	245.0
60	3	6	668179	227.0
61	3	6	672161	208.0
62	3	6	669687	219.0
63	3	6	670887	212.0
64	3	6	672680	211.0
65	3	6	670912	207.0
66	3	6	667960	220.0
67	3	6	670409	223.0
68	3	6	668920	224.0
69	3	6	672465	214.0
70	3	6	668944	221.0
71	3	6	667801	230.0
72	3	6	670462	224.0
73	3	6	670306	223.0
74	3	6	666461	225.0
75	3	6	640724	241.0
76	3	6	671959	226.0
77	3	6	667095	223.0
78	3	6	668727	251.0
79	3	6	671397	211.0
80	3	6	671726	216.0
81	3	6	672351	207.0
82	3	6	672504	215.0
83	3	6	668862	221.0
84	3	6	614462	233.0
85	3	6	670638	218.0
86	3	6	669416	218.0
87	3	6	671310	210.0
88	3	6	671188	211.0
89	3	6	673580	206.0
90	3	6	669860	225.0
91	3	6	666695	224.0
92	3	6	670068	214.0
93	3	6	662523	226.0
94	3	6	670330	211.0
95	3	6	646759	232.0
96	3	6	670835	211.0
97	3	6	669045	212.0
98	3	6	671470	217.0
99	3	6	672122	209.0
0	3	7	4513107	1659.0
1	3	7	4584725	1654.0
2	3	7	4514553	1632.0
3	3	7	4637148	1621.0
4	3	7	4559097	1629.0
5	3	7	3939681	1507.0
6	3	7	4598951	1620.0
7	3	7	4390100	1595.0
8	3	7	4586350	1640.0
9	3	7	4151844	1673.0
10	3	7	4721670	1622.0
11	3	7	4663066	1577.0
12	3	7	3758952	1495.0
13	3	7	4488422	1689.0
14	3	7	4646584	1705.0
15	3	7	4610476	1614.0
16	3	7	4676248	1601.0
17	3	7	4596536	1605.0
18	3	7	4512285	1578.0
19	3	7	4851183	1588.0
20	3	7	1997582	853.0
21	3	7	2327630	977.0
22	3	7	4224948	1544.0
23	3	7	4446114	1573.0
24	3	7	4596075	1605.0
25	3	7	4613892	1600.0
26	3	7	4029782	1511.0
27	3	7	2330010	1105.0
28	3	7	4578177	1604.0
29	3	7	4329644	1580.0
30	3	7	4508448	1574.0
31	3	7	4063740	1523.0
32	3	7	4550286	1647.0
33	3	7	4154034	1543.0
34	3	7	4607004	1617.0
35	3	7	4399298	1592.0
36	3	7	4618727	1613.0
37	3	7	4413268	1570.0
38	3	7	4749866	1594.0
39	3	7	4452295	1579.0
40	3	7	4578140	1624.0
41	3	7	4629576	1620.0
42	3	7	4617474	1591.0
43	3	7	4701270	1643.0
44	3	7	4515364	1603.0
45	3	7	4707369	1642.0
46	3	7	4396553	1542.0
47	3	7	4575869	1599.0
48	3	7	3718112	1429.0
49	3	7	2442635	1244.0
50	3	7	4690786	1689.0
51	3	7	3867525	1527.0
52	3	7	4441462	1615.0
53	3	7	4362250	1709.0
54	3	7	4420062	1663.0
55	3	7	4885494	1667.0
56	3	7	4477408	1626.0
57	3	7	4495958	1587.0
58	3	7	4205498	1519.0
59	3	7	4455919	1578.0
60	3	7	4400551	1609.0
61	3	7	4680043	1622.0
62	3	7	4491091	1587.0
63	3	7	4589190	1616.0
64	3	7	4779830	1591.0
65	3	7	4614335	1605.0
66	3	7	4432450	1589.0
67	3	7	4574848	1713.0
68	3	7	4548792	1605.0
69	3	7	4719813	1627.0
70	3	7	4509299	1627.0
71	3	7	4438042	1601.0
72	3	7	4557167	1637.0
73	3	7	4552323	1646.0
74	3	7	4326076	1596.0
75	3	7	3443962	1438.0
76	3	7	4663388	1662.0
77	3	7	4334049	1589.0
78	3	7	4451008	1575.0
79	3	7	4616806	1628.0
80	3	7	4677180	1605.0
81	3	7	4741531	1621.0
82	3	7	4719789	1623.0
83	3	7	4452300	1585.0
84	3	7	3127143	1365.0
85	3	7	4560292	1599.0
86	3	7	4480918	1587.0
87	3	7	4603189	1607.0
88	3	7	4611208	1659.0
89	3	7	4862177	1661.0
90	3	7	4524234	1660.0
91	3	7	4389152	1594.0
92	3	7	4529862	1609.0
93	3	7	4208323	1542.0
94	3	7	4551713	1601.0
95	3	7	3635358	1511.0
96	3	7	4589159	1604.0
97	3	7	4489414	1603.0
98	3	7	4631736	1607.0
99	3	7	4702473	1591.0
0	3	8	16137292	6897.0
1	3	8	16761233	7141.0
2	3	8	16106131	6816.0
3	3	8	17429021	7619.0
4	3	8	17143018	7331.0
5	3	8	11511250	5183.0
6	3	8	17303493	7299.0
7	3	8	15098994	6513.0
8	3	8	17036115	7241.0
9	3	8	12580646	5934.0
10	3	8	19415690	8129.0
11	3	8	18899998	8020.0
12	3	8	10247069	4974.0
13	3	8	15594549	6794.0
14	3	8	18260650	7778.0
15	3	8	17750768	7409.0
16	3	8	18777620	8161.0
17	3	8	17840197	7574.0
18	3	8	16712855	7026.0
19	3	8	22127443	9164.0
20	3	8	3997589	1973.0
21	3	8	4968697	2449.0
22	3	8	13789916	6310.0
23	3	8	16148662	6945.0
24	3	8	17160934	7676.0
25	3	8	17388653	7523.0
26	3	8	12321625	5720.0
27	3	8	4797456	2691.0
28	3	8	17088475	7304.0
29	3	8	14758358	6523.0
30	3	8	16635522	7224.0
31	3	8	12588472	5636.0
32	3	8	16581127	7240.0
33	3	8	13275423	5940.0
34	3	8	17277494	7523.0
35	3	8	14808255	6696.0
36	3	8	17566016	7461.0
37	3	8	15336795	6656.0
38	3	8	20115424	8944.0
39	3	8	16084232	7026.0
40	3	8	16746876	7227.0
41	3	8	17422830	7565.0
42	3	8	18943253	7919.0
43	3	8	18856656	8021.0
44	3	8	16411644	7064.0
45	3	8	19137584	8033.0
46	3	8	16428726	6825.0
47	3	8	17362861	7057.0
48	3	8	10441724	4800.0
49	3	8	5749875	2998.0
50	3	8	19116764	7688.0
51	3	8	10947850	5269.0
52	3	8	17592849	7079.0
53	3	8	14312276	6242.0
54	3	8	15077570	6446.0
55	3	8	23346304	9056.0
56	3	8	16279797	6980.0
57	3	8	16570037	7101.0
58	3	8	14406477	6155.0
59	3	8	16146252	6978.0
60	3	8	15268085	6488.0
61	3	8	18268646	7570.0
62	3	8	16286939	6858.0
63	3	8	17189628	7111.0
64	3	8	20431678	8225.0
65	3	8	18178816	7468.0
66	3	8	15775460	6672.0
67	3	8	17101182	7112.0
68	3	8	17927099	7277.0
69	3	8	19345067	8065.0
70	3	8	16880695	7245.0
71	3	8	15718945	6702.0
72	3	8	16623271	6986.0
73	3	8	16997124	7197.0
74	3	8	14590357	6387.0
75	3	8	8526943	4296.0
76	3	8	17855942	7470.0
77	3	8	14251908	6227.0
78	3	8	15739493	6628.0
79	3	8	17196173	7280.0
80	3	8	18581498	7754.0
81	3	8	19890120	8226.0
82	3	8	19091416	7767.0
83	3	8	15773037	6759.0
84	3	8	7777879	4001.0
85	3	8	16758427	7107.0
86	3	8	15815752	6729.0
87	3	8	17203678	7171.0
88	3	8	17266133	7288.0
89	3	8	22522389	8843.0
90	3	8	16665158	6871.0
91	3	8	15458142	6543.0
92	3	8	16654384	6989.0
93	3	8	14024432	6114.0
94	3	8	16805875	7109.0
95	3	8	9815118	4766.0
96	3	8	16956090	7229.0
97	3	8	16090016	6817.0
98	3	8	17565779	7320.0
99	3	8	19003073	7785.0
0	3	9	30785837	15618.0
1	3	9	32251499	16202.0
2	3	9	30402527	15857.0
3	3	9	33287301	17304.0
4	3	9	34367853	17872.0
5	3	9	19919931	10172.0
6	3	9	34152789	17292.0
7	3	9	28317153	14394.0
8	3	9	33792572	17207.0
9	3	9	21221396	11397.0
10	3	9	42022241	20440.0
11	3	9	40735269	19972.0
12	3	9	16420728	9229.0
13	3	9	28525889	15045.0
14	3	9	37273588	19083.0
15	3	9	37031223	17515.0
16	3	9	40029619	21270.0
17	3	9	37569879	19060.0
18	3	9	34200933	16438.0
19	3	9	52311074	27279.0
20	3	9	5936929	3071.0
21	3	9	7515041	4059.0
22	3	9	24727705	13164.0
23	3	9	31938451	16898.0
24	3	9	33814101	17689.0
25	3	9	33950906	17514.0
26	3	9	21861773	12077.0
27	3	9	6842123	4329.0
28	3	9	33969521	17472.0
29	3	9	27811198	14545.0
30	3	9	33257799	16635.0
31	3	9	22700365	11637.0
32	3	9	32368285	16616.0
33	3	9	24191047	12682.0
34	3	9	33517258	17278.0
35	3	9	26661986	14177.0
36	3	9	35287240	17746.0
37	3	9	29340421	14730.0
38	3	9	45433647	22292.0
39	3	9	31737456	16048.0
40	3	9	31732818	16156.0
41	3	9	34081173	17033.0
42	3	9	43670485	20828.0
43	3	9	39486204	19664.0
44	3	9	31742487	16157.0
45	3	9	39604888	20209.0
46	3	9	33653856	16610.0
47	3	9	35936247	17084.0
48	3	9	17136064	9269.0
49	3	9	9291714	4994.0
50	3	9	42197187	19734.0
51	3	9	18329629	9940.0
52	3	9	39683429	18503.0
53	3	9	25180484	13465.0
54	3	9	27945973	14230.0
55	3	9	59455476	27310.0
56	3	9	32236291	16196.0
57	3	9	33205392	16519.0
58	3	9	27623287	13465.0
59	3	9	31425371	15635.0
60	3	9	29615221	14708.0
61	3	9	36685891	18498.0
62	3	9	32384773	16142.0
63	3	9	34523590	16881.0
64	3	9	44804951	21753.0
65	3	9	39821774	18828.0
66	3	9	31463284	15659.0
67	3	9	34418696	16684.0
68	3	9	39582241	19087.0
69	3	9	41606025	20429.0
70	3	9	34134708	17531.0
71	3	9	29830229	15236.0
72	3	9	32021016	16325.0
73	3	9	34680030	16646.0
74	3	9	27364699	14018.0
75	3	9	12811210	7626.0
76	3	9	34741660	18116.0
77	3	9	25628230	13771.0
78	3	9	30015377	15425.0
79	3	9	33064928	17158.0
80	3	9	38591131	19743.0
81	3	9	43130598	22198.0
82	3	9	40459765	20137.0
83	3	9	30591910	15406.0
84	3	9	12172156	7074.0
85	3	9	32398692	16576.0
86	3	9	30073621	15439.0
87	3	9	33841748	17156.0
88	3	9	33681913	17034.0
89	3	9	54318555	25713.0
90	3	9	33115451	16449.0
91	3	9	29447921	15231.0
92	3	9	33052748	16970.0
93	3	9	26999325	13097.0
94	3	9	33456211	17007.0
95	3	9	15794066	9035.0
96	3	9	32739846	16934.0
97	3	9	31128855	15714.0
98	3	9	34568417	17537.0
99	3	9	40039599	19885.0
0	3	10	41449774	23573.0
1	3	10	43396913	24865.0
2	3	10	40199802	23475.0
3	3	10	43430170	26034.0
4	3	10	47158942	27678.0
5	3	10	26647530	14522.0
6	3	10	46089765	26711.0
7	3	10	37965948	22012.0
8	3	10	47096989	26538.0
9	3	10	26827830	16149.0
10	3	10	60728021	34399.0
11	3	10	57990402	33603.0
12	3	10	20173037	12758.0
13	3	10	36860028	22399.0
14	3	10	50787900	30256.0
15	3	10	54375838	29246.0
16	3	10	56912249	32510.0
17	3	10	54112778	30860.0
18	3	10	49048348	26804.0
19	3	10	77410849	44624.0
20	3	10	7742831	3927.0
21	3	10	9786589	5197.0
22	3	10	31717059	19152.0
23	3	10	43359326	25529.0
24	3	10	46165352	26670.0
25	3	10	45305604	26698.0
26	3	10	28756824	17028.0
27	3	10	8268367	5144.0
28	3	10	46880077	26829.0
29	3	10	36809997	21969.0
30	3	10	45637643	26483.0
31	3	10	30712779	17434.0
32	3	10	43851179	25946.0
33	3	10	32148380	18932.0
34	3	10	44410674	26497.0
35	3	10	34216610	20767.0
36	3	10	48814015	28262.0
37	3	10	40893646	22595.0
38	3	10	66753780	38160.0
39	3	10	43222843	25174.0
40	3	10	41947350	24386.0
41	3	10	46035901	27766.0
42	3	10	68623687	35888.0
43	3	10	55340785	33132.0
44	3	10	42419291	25099.0
45	3	10	53417307	32761.0
46	3	10	46382881	27701.0
47	3	10	52663831	27885.0
48	3	10	21321866	13186.0
49	3	10	12552518	6848.0
50	3	10	63982976	33280.0
51	3	10	23815021	14175.0
52	3	10	61330039	32237.0
53	3	10	32128079	19487.0
54	3	10	37372438	22082.0
55	3	10	92956611	52349.0
56	3	10	44006120	25282.0
57	3	10	46002282	26854.0
58	3	10	38312696	21298.0
59	3	10	42473014	25113.0
60	3	10	41158744	23266.0
61	3	10	49906933	29697.0
62	3	10	44540192	26228.0
63	3	10	48480913	26857.0
64	3	10	63834113	36303.0
65	3	10	60024037	32873.0
66	3	10	44100580	25210.0
67	3	10	48444058	27343.0
68	3	10	59328510	32531.0
69	3	10	59982806	33983.0
70	3	10	47324483	28066.0
71	3	10	39343370	24055.0
72	3	10	42975206	25712.0
73	3	10	50126066	26801.0
74	3	10	36611050	21736.0
75	3	10	15298645	9803.0
76	3	10	45896040	27314.0
77	3	10	33343023	20094.0
78	3	10	40093022	23662.0
79	3	10	43751504	26108.0
80	3	10	54317115	31391.0
81	3	10	60593502	36255.0
82	3	10	58731873	31991.0
83	3	10	41657084	24809.0
84	3	10	15264913	9362.0
85	3	10	43482491	25562.0
86	3	10	40747493	23870.0
87	3	10	45592265	26828.0
88	3	10	45093394	27012.0
89	3	10	81933286	46360.0
90	3	10	45710174	26252.0
91	3	10	39088059	23767.0
92	3	10	45239133	26865.0
93	3	10	39084871	20359.0
94	3	10	46126877	26611.0
95	3	10	19667946	11973.0
96	3	10	43347290	27731.0
97	3	10	41890131	25109.0
98	3	10	46490689	27554.0
99	3	10	55696354	32803.0
0	3	11	48111346	29235.0
1	3	11	50172017	30825.0
2	3	11	45362630	28608.0
3	3	11	48142312	32183.0
4	3	11	54240727	36098.0
5	3	11	32066357	18334.0
6	3	11	52410222	33886.0
7	3	11	44220946	26765.0
8	3	11	56234466	33554.0
9	3	11	30230073	19741.0
10	3	11	72372524	44760.0
11	3	11	67874588	41956.0
12	3	11	22035402	14485.0
13	3	11	41067847	26621.0
14	3	11	57950931	36553.0
15	3	11	68631401	37257.0
16	3	11	67179269	40875.0
17	3	11	65023942	38518.0
18	3	11	59491712	35367.0
19	3	11	91351411	57109.0
20	3	11	9467469	4721.0
21	3	11	11866793	6148.0
22	3	11	34993441	22772.0
23	3	11	49259931	31956.0
24	3	11	53892595	32683.0
25	3	11	51078656	32112.0
26	3	11	32981871	20258.0
27	3	11	9358089	5794.0
28	3	11	55051578	33190.0
29	3	11	41173176	26743.0
30	3	11	52588434	32993.0
31	3	11	36639315	21433.0
32	3	11	49972273	32330.0
33	3	11	36787106	23012.0
34	3	11	50076329	31744.0
35	3	11	38207503	24200.0
36	3	11	57526118	36542.0
37	3	11	50169390	27996.0
38	3	11	79115199	49287.0
39	3	11	49335149	31600.0
40	3	11	47861714	29327.0
41	3	11	53374419	32033.0
42	3	11	90199229	47842.0
43	3	11	64408714	41053.0
44	3	11	47807124	30819.0
45	3	11	59743802	38743.0
46	3	11	53065120	32925.0
47	3	11	66478223	35311.0
48	3	11	23629358	14585.0
49	3	11	15702380	8276.0
50	3	11	82122879	43606.0
51	3	11	27965423	16510.0
52	3	11	79204058	41728.0
53	3	11	36004200	22167.0
54	3	11	43828355	25507.0
55	3	11	113117044	68281.0
56	3	11	50662939	32849.0
57	3	11	53140287	32340.0
58	3	11	46324240	25619.0
59	3	11	49291717	29196.0
60	3	11	48652199	28906.0
61	3	11	57372854	35530.0
62	3	11	51345740	31547.0
63	3	11	57786692	33292.0
64	3	11	74965289	45448.0
65	3	11	75065222	42336.0
66	3	11	51756100	31221.0
67	3	11	58328931	33131.0
68	3	11	73578506	41882.0
69	3	11	72397448	43857.0
70	3	11	55367572	35218.0
71	3	11	44372515	27876.0
72	3	11	49207858	30603.0
73	3	11	62650269	35132.0
74	3	11	41881467	28543.0
75	3	11	16691549	12341.0
76	3	11	51672788	34588.0
77	3	11	37679197	25379.0
78	3	11	45599210	30330.0
79	3	11	49104906	33710.0
80	3	11	64374806	41233.0
81	3	11	69616958	46446.0
82	3	11	72633473	43446.0
83	3	11	48228752	31250.0
84	3	11	17333245	11191.0
85	3	11	50096507	31664.0
86	3	11	47467349	30207.0
87	3	11	51600494	34822.0
88	3	11	51148883	33595.0
89	3	11	98322534	64115.0
90	3	11	53381030	34858.0
91	3	11	44288363	29895.0
92	3	11	51951065	34666.0
93	3	11	50716003	26771.0
94	3	11	53406855	33654.0
95	3	11	22086572	15298.0
96	3	11	48447520	33513.0
97	3	11	47680649	33000.0
98	3	11	53236147	35743.0
99	3	11	64139824	42503.0
0	3	12	52799030	33906.0
1	3	12	54380255	37751.0
2	3	12	48006281	32292.0
3	3	12	50089209	34560.0
4	3	12	57875471	38673.0
5	3	12	36992531	20798.0
6	3	12	55629231	36934.0
7	3	12	48647675	29999.0
8	3	12	62911471	38365.0
9	3	12	32725112	20843.0
10	3	12	78976639	51154.0
11	3	12	73297253	50138.0
12	3	12	23026696	15709.0
13	3	12	43068458	30354.0
14	3	12	61826809	43851.0
15	3	12	81603521	46699.0
16	3	12	73413627	49667.0
17	3	12	72278240	45538.0
18	3	12	67165002	40286.0
19	3	12	97765884	69995.0
20	3	12	11172835	5503.0
21	3	12	13836117	7070.0
22	3	12	36239871	24326.0
23	3	12	51855255	34750.0
24	3	12	59218996	36168.0
25	3	12	53952805	37077.0
26	3	12	35833233	24310.0
27	3	12	10335147	6444.0
28	3	12	60678328	38164.0
29	3	12	43027368	30326.0
30	3	12	56344188	38366.0
31	3	12	41491731	23568.0
32	3	12	52783332	36864.0
33	3	12	39453490	24756.0
34	3	12	53250427	36704.0
35	3	12	40474363	27672.0
36	3	12	63713930	41291.0
37	3	12	58629652	33213.0
38	3	12	85301126	60401.0
39	3	12	52151473	34876.0
40	3	12	51859838	33101.0
41	3	12	58460858	37422.0
42	3	12	110403126	58585.0
43	3	12	69506166	44322.0
44	3	12	50114168	33329.0
45	3	12	62181283	42685.0
46	3	12	56417232	36030.0
47	3	12	79011041	42861.0
48	3	12	25014204	15900.0
49	3	12	19004996	9583.0
50	3	12	98454097	53469.0
51	3	12	31759897	19084.0
52	3	12	95186724	51626.0
53	3	12	38558120	24576.0
54	3	12	49079535	29567.0
55	3	12	122718969	79702.0
56	3	12	54647645	33704.0
57	3	12	56699620	36332.0
58	3	12	53058378	30269.0
59	3	12	54069688	33912.0
60	3	12	53433657	33460.0
61	3	12	61932426	41620.0
62	3	12	54879895	34991.0
63	3	12	64157731	37783.0
64	3	12	81517977	50786.0
65	3	12	86621823	49308.0
66	3	12	56203885	36569.0
67	3	12	66001027	37861.0
68	3	12	83918611	50387.0
69	3	12	81509312	48009.0
70	3	12	60643832	37829.0
71	3	12	47069267	30076.0
72	3	12	52842616	33621.0
73	3	12	74256645	40950.0
74	3	12	44920401	28672.0
75	3	12	17681101	11616.0
76	3	12	54673346	35845.0
77	3	12	40266043	26090.0
78	3	12	48419754	31164.0
79	3	12	51430594	33438.0
80	3	12	71205073	44010.0
81	3	12	73546340	49987.0
82	3	12	84411348	48986.0
83	3	12	52352179	33182.0
84	3	12	18641251	12066.0
85	3	12	54545948	33401.0
86	3	12	51627512	31974.0
87	3	12	54411543	34944.0
88	3	12	54281013	34794.0
89	3	12	106714816	67184.0
90	3	12	58103691	35359.0
91	3	12	47230113	29806.0
92	3	12	55376124	35003.0
93	3	12	63313781	30771.0
94	3	12	57351180	36325.0
95	3	12	23814717	14645.0
96	3	12	50648937	33174.0
97	3	12	50756871	32390.0
98	3	12	57303699	35891.0
99	3	12	68530338	44872.0
